file,group,t_min,GFP.background,GFP.total,GFP.p999,GFP.peak,GFP.area,ESID.background,set_Offset,set_DigitalGain,set_LaserScanPixelTime,set_Power,set_Attenuation,set_PinholeSizeAiry,timestamp
Control_stack,Control,0.0,151.0,413638315.0,865.0,6357.157100437934,6.522292088333333,448.0,100,1,4.121212121212121e-06,10,0.995,39.368267706482,2026-08-13T15:27:11.1676439Z
Control_stack_2_,Control,4.390184438333334,149.0,406463075.0,744.0,5136.264066442863,4.8006718416666665,450.0,100,1,4.121212121212121e-06,10,0.995,39.368267706482,2026-08-13T15:31:34.5787102Z
Control_stack_3_,Control,16.621350688333333,148.0,405965636.0,823.0,4175.664508218404,7.449318375,429.0,100,1,4.121212121212121e-06,10,0.995,39.368267706482,2026-08-13T15:43:48.4486852Z
Control_stack_4_,Control,20.40815061333333,148.0,403110372.0,695.0,2773.3586895675817,5.330401148333333,436.0,100,1,4.121212121212121e-06,10,0.995,39.368267706482,2026-08-13T15:47:35.6566807Z
Control_stack_5_,Control,24.333358456666662,147.0,402195344.0,877.5610000002198,4052.354453540274,5.131752658333333,438.0,100,1,4.121212121212121e-06,10,0.995,39.368267706482,2026-08-13T15:51:31.1691513Z
Control_stack_6_,Control,27.727252575,148.0,403550824.0,714.0,3527.669612755392,4.8006718416666665,444.0,100,1,4.121212121212121e-06,10,0.995,39.368267706482,2026-08-13T15:54:54.8027984Z
Control_stack_7_,Control,31.103362345,147.0,407656928.0,864.0,5301.262854650614,5.330401148333333,442.0,100,1,4.121212121212121e-06,10,0.995,39.368267706482,2026-08-13T15:58:17.3693846Z
Control_stack_8_,Control,34.679400215,147.0,399486271.0,766.5610000002198,5092.872331287993,6.456075925,444.0,100,1,4.121212121212121e-06,10,0.995,39.368267706482,2026-08-13T16:01:51.9316568Z
Control_stack_9_,Control,38.73633225833333,148.0,403176952.0,865.0,5551.449997985499,5.7276981283333335,437.0,100,1,4.121212121212121e-06,10,0.995,39.368267706482,2026-08-13T16:05:55.3475794Z
Control_stack_10_,Control,43.74345198333333,148.0,403575729.0,717.0,5810.879695014265,5.396617311666667,441.0,100,1,4.121212121212121e-06,10,0.995,39.368267706482,2026-08-13T16:10:55.7747629Z
Control_stack_11_,Control,46.770525121666665,148.0,407706283.0,870.0,5027.339596952444,4.8006718416666665,444.0,100,1,4.121212121212121e-06,10,0.995,39.368267706482,2026-08-13T16:13:57.3991512Z
Control_stack_12_,Control,50.781021175,147.0,403017683.0,864.5610000002198,3475.6981343108014,5.959454699999999,442.0,100,1,4.121212121212121e-06,10,0.995,39.368267706482,2026-08-13T16:17:58.0289144Z
Control_stack_13_,Control,53.89968288666667,145.0,399897052.0,827.0,5874.130061522613,7.416210293333333,442.0,100,1,4.121212121212121e-06,10,0.995,39.368267706482,2026-08-13T16:21:05.1486171Z
Control_stack_14_,Control,71.35641468666667,145.0,395112383.0,644.0,5045.689745579475,5.661481964999999,437.0,100,1,4.121212121212121e-06,10,0.995,39.368267706482,2026-08-13T16:38:32.5525251Z
Control_stack_15_,Control,75.94671057000001,147.0,458574041.0,4034.12200000044,33656.05479867946,6.919589068333333,401.0,100,1,4.121212121212121e-06,10,0.995,39.368267706482,2026-08-13T16:43:07.9702781Z
Control_stack_16_,Control,78.81277449999999,146.0,400981009.0,636.0,3437.8201699960086,6.621616333333333,438.0,100,1,4.121212121212121e-06,10,0.995,39.368267706482,2026-08-13T16:45:59.9341139Z
Control_stack_17_,Control,81.57573253166667,147.0,406878987.0,788.0,5547.189647794432,5.098644576666667,445.0,100,1,4.121212121212121e-06,10,0.995,39.368267706482,2026-08-13T16:48:45.7115958Z
Control_stack_18_,Control,84.40957795166668,147.0,407096404.0,895.0,5466.52723091625,7.151345639999999,437.0,100,1,4.121212121212121e-06,10,0.995,39.368267706482,2026-08-13T16:51:35.742321Z
Control_stack_19_,Control,87.74233524166667,147.0,410152555.0,911.0,3328.8347929714987,6.720940578333334,448.0,100,1,4.121212121212121e-06,10,0.995,39.368267706482,2026-08-13T16:54:55.7077584Z
Control_stack_20_,Control,93.38995826666664,145.0,402799886.0,838.0,6160.502801239079,8.111480008333332,446.0,100,1,4.121212121212121e-06,10,0.995,39.368267706482,2026-08-13T17:00:34.5651399Z
Control_stack_21_,Control,97.344617795,145.0,408073901.0,1448.0,11140.7899794251,5.760806209999999,436.0,100,1,4.121212121212121e-06,10,0.995,39.368267706482,2026-08-13T17:04:31.8447116Z
oliDA_1en5_stack,OliDA 1/5,145.7827883,143.0,395371124.0,907.0,5145.712952857018,7.052021394999998,443.0,100,1,4.121212121212121e-06,10,0.995,39.368267706482,2026-08-13T17:52:58.1349419Z
oliDA_1en5_stack_2_,OliDA 1/5,148.62076728833333,144.0,396063825.0,813.0,4266.094883095411,5.529049638333333,448.0,100,1,4.121212121212121e-06,10,0.995,39.368267706482,2026-08-13T17:55:48.4136812Z
oliDA_1en5_stack_3_,OliDA 1/5,152.48555500833334,144.0,401676627.0,979.5610000002198,2062.694613495801,4.8999960866666665,450.0,100,1,4.121212121212121e-06,10,0.995,39.368267706482,2026-08-13T17:59:40.3009444Z
oliDA_1en5_stack_4_,OliDA 1/5,156.37336071166666,143.0,398216818.0,946.0,6035.908938718595,5.197968821666666,454.0,100,1,4.121212121212121e-06,10,0.995,39.368267706482,2026-08-13T18:03:33.5692866Z
oliDA_1en5_stack_5_,OliDA 1/5,159.28976085333335,143.0,396444586.0,970.0,2554.804830356107,5.992562781666666,454.0,100,1,4.121212121212121e-06,10,0.995,39.368267706482,2026-08-13T18:06:28.5532951Z
oliDA_1en5_stack_6_,OliDA 1/5,162.64511943666668,143.0,395268580.0,880.0,9705.301943975564,5.231076903333333,405.0,100,1,4.121212121212121e-06,10,0.995,39.368267706482,2026-08-13T18:09:49.8748101Z
oliDA_1en5_stack_7_,OliDA 1/5,166.07853465000002,144.0,397945396.0,1018.0,3085.909503563203,6.091887026666666,406.0,100,1,4.121212121212121e-06,10,0.995,39.368267706482,2026-08-13T18:13:15.8797229Z
oliDA_1en5_stack_8_,OliDA 1/5,171.00793326166666,143.0,396448968.0,927.5610000002198,4359.969323185055,5.363509229999999,445.0,100,1,4.121212121212121e-06,10,0.995,39.368267706482,2026-08-13T18:18:11.6436396Z
oliDA_1en5_stack_9_,OliDA 1/5,173.99318734166667,143.0,392196041.0,768.0,3990.2356955171817,5.992562781666667,445.0,100,1,4.121212121212121e-06,10,0.995,39.368267706482,2026-08-13T18:21:10.7588844Z
oliDA_1en5_stack_10_,OliDA 1/5,188.1924161583333,144.0,393318347.0,725.5610000002198,3161.966118159911,6.158103189999999,416.0,100,1,4.121212121212121e-06,10,0.995,39.368267706482,2026-08-13T18:35:22.7126134Z
oliDA_1en5_stack_11_,OliDA 1/5,192.71469148333333,145.0,422039978.0,2389.56100000022,13712.414216392071,7.217561803333332,418.0,100,1,4.121212121212121e-06,10,0.995,39.368267706482,2026-08-13T18:39:54.0491329Z
oliDA_1en5_stack_12_,OliDA 1/5,196.52805959666665,143.0,395734093.0,950.0,4718.782685559642,6.75404866,440.0,100,1,4.121212121212121e-06,10,0.995,39.368267706482,2026-08-13T18:43:42.8512197Z
oliDA_1en5_stack_13_,OliDA 1/5,200.66891310666668,143.0,394910876.0,855.0,3399.4048150136555,5.5290496383333325,444.0,100,1,4.121212121212121e-06,10,0.995,39.368267706482,2026-08-13T18:47:51.3024303Z
oliDA_1en5_stack_14_,OliDA 1/5,203.74398899,141.0,387867978.0,795.0,2902.2629326797887,4.866888005,444.0,100,1,4.121212121212121e-06,10,0.995,39.368267706482,2026-08-13T18:50:55.8069833Z
oliDA_1en5_stack_15_,OliDA 1/5,206.9955083,143.0,397212985.0,935.0,5359.704285764363,6.124995108333333,439.0,100,1,4.121212121212121e-06,10,0.995,39.368267706482,2026-08-13T18:54:10.8981419Z
oliDA_1en5_stack_16_,OliDA 1/5,210.12365388666663,143.0,394096764.0,923.0,5135.854670548135,7.581750701666666,443.0,100,1,4.121212121212121e-06,10,0.995,39.368267706482,2026-08-13T18:57:18.5868771Z
oliDA_1en5_stack_17_,OliDA 1/5,213.98909164333327,143.0,391496030.0,775.5610000002198,4093.735674120799,7.250669885,424.0,100,1,4.121212121212121e-06,10,0.995,39.368267706482,2026-08-13T19:01:10.5131425Z
oliDA_1en5_stack_18_,OliDA 1/5,218.36597532,142.0,394578457.0,1049.5610000002198,2318.729713912664,4.237834453333334,439.0,100,1,4.121212121212121e-06,10,0.995,39.368267706482,2026-08-13T19:05:33.1261631Z
oliDA_1en5_stack_19_,OliDA 1/5,223.8286210983333,141.0,390420173.0,916.0,6674.342909159619,5.860130454999999,437.0,100,1,4.121212121212121e-06,10,0.995,39.368267706482,2026-08-13T19:11:00.8849098Z
oliDAD9_1en5_stack,OliDAD9 1/5,234.7375450533333,141.0,390293546.0,944.0,4762.860651739177,6.124995108333333,447.0,100,1,4.121212121212121e-06,10,0.995,39.368267706482,2026-08-13T19:21:55.4203471Z
oliDAD9_1en5_stack_2_,OliDAD9 1/5,238.245512365,142.0,394166688.0,909.5610000002198,4177.977477631776,5.4297253933333325,418.0,100,1,4.121212121212121e-06,10,0.995,39.368267706482,2026-08-13T19:25:25.8983858Z
oliDAD9_1en5_stack_3_,OliDAD9 1/5,241.87662005166663,140.0,385139256.0,758.0,3973.559224931911,5.760806209999999,439.0,100,1,4.121212121212121e-06,10,0.995,39.368267706482,2026-08-13T19:29:03.764847Z
oliDAD9_1en5_stack_4_,OliDAD9 1/5,245.21134412166663,139.0,378985756.0,728.0,4651.904905370656,5.562157719999999,446.0,100,1,4.121212121212121e-06,10,0.995,39.368267706482,2026-08-13T19:32:23.8482912Z
oliDAD9_1en5_stack_5_,OliDAD9 1/5,249.44120272166668,141.0,384924303.0,812.0,4699.298557338912,6.025670863333332,446.0,100,1,4.121212121212121e-06,10,0.995,39.368267706482,2026-08-13T19:36:37.6398072Z
oliDAD9_1en5_stack_6_,OliDAD9 1/5,252.7895109,139.0,380291219.0,881.0,1574.699774249454,5.959454699999999,448.0,100,1,4.121212121212121e-06,10,0.995,39.368267706482,2026-08-13T19:39:58.5382979Z
oliDAD9_1en5_stack_7_,OliDAD9 1/5,256.3779661483333,139.0,385589018.0,1002.0,8277.62955093247,6.588508251666666,446.0,100,1,4.121212121212121e-06,10,0.995,39.368267706482,2026-08-13T19:43:33.8456128Z
oliDAD9_1en5_stack_8_,OliDAD9 1/5,262.13426205666667,141.0,391469746.0,985.5610000002198,4788.031531292586,5.9263466183333335,444.0,100,1,4.121212121212121e-06,10,0.995,39.368267706482,2026-08-13T19:49:19.2233673Z
oliDAD9_1en5_stack_9_,OliDAD9 1/5,265.77087005833334,140.0,390161752.0,1005.0,3706.569813073142,6.191211271666667,441.0,100,1,4.121212121212121e-06,10,0.995,39.368267706482,2026-08-13T19:52:57.4198474Z
oliDAD9_1en5_stack_10_,OliDAD9 1/5,290.834303605,141.0,389545640.0,869.0,4429.483993490582,5.16486074,434.0,100,1,4.121212121212121e-06,10,0.995,39.368267706482,2026-08-13T20:18:01.2258602Z
oliDAD9_1en5_stack_11_,OliDAD9 1/5,295.85934102,141.0,391977997.0,1001.5610000002198,5627.29647226227,5.098644576666667,439.0,100,1,4.121212121212121e-06,10,0.995,39.368267706482,2026-08-13T20:23:02.7281051Z
oliDAD9_1en5_stack_12_,OliDAD9 1/5,299.07572498666667,140.0,391976419.0,875.5610000002198,4309.379895166724,6.158103189999999,431.0,100,1,4.121212121212121e-06,10,0.995,39.368267706482,2026-08-13T20:26:15.7111431Z
oliDAD9_1en5_stack_13_,OliDAD9 1/5,302.7226835816667,141.0,384796916.0,775.0,3163.888450234537,6.35675168,379.0,100,1,4.121212121212121e-06,10,0.995,39.368267706482,2026-08-13T20:29:54.5286588Z
oliDAD9_1en5_stack_14_,OliDAD9 1/5,305.697620405,140.0,388294912.0,972.0,4839.7756626978,5.827022373333333,445.0,100,1,4.121212121212121e-06,10,0.995,39.368267706482,2026-08-13T20:32:53.0248682Z
oliDAD9_1en5_stack_15_,OliDAD9 1/5,309.12453308,141.0,390908497.0,796.0,3622.1169237406543,5.992562781666666,435.0,100,1,4.121212121212121e-06,10,0.995,39.368267706482,2026-08-13T20:36:18.6396287Z
oliDAD9_1en5_stack_16_,OliDAD9 1/5,312.58861454666663,142.0,398072600.0,1002.0,5928.278695938264,6.224319353333332,439.0,100,1,4.121212121212121e-06,10,0.995,39.368267706482,2026-08-13T20:39:46.4845167Z
oliDAD9_1en5_stack_17_,OliDAD9 1/5,315.51208176,141.0,389068218.0,802.0,2563.625945415038,6.025670863333333,443.0,100,1,4.121212121212121e-06,10,0.995,39.368267706482,2026-08-13T20:42:41.8925495Z
oliDAD9_1en5_stack_18_,OliDAD9 1/5,319.72485605,141.0,391718525.0,886.5610000002198,4980.923096448384,4.403374861666666,438.0,100,1,4.121212121212121e-06,10,0.995,39.368267706482,2026-08-13T20:46:54.6590069Z
oliDAD9_1en5_stack_19_,OliDAD9 1/5,323.238607025,141.0,393309375.0,984.0,5270.876162722427,5.959454699999998,432.0,100,1,4.121212121212121e-06,10,0.995,39.368267706482,2026-08-13T20:50:25.4840654Z
oliDAD9_1en5_stack_20_,OliDAD9 1/5,328.2019575783333,141.0,391290278.0,812.0,3384.609299114425,5.065536495,442.0,100,1,4.121212121212121e-06,10,0.995,39.368267706482,2026-08-13T20:55:23.2850986Z
DA140uM_stack,DA 140uM,351.0901500416667,141.0,394991703.0,894.0,5546.738851172214,6.621616333333333,444.0,100,1,4.121212121212121e-06,10,0.995,39.368267706482,2026-08-13T21:18:16.5766464Z
DA140uM_stack_2_,DA 140uM,354.96492166666667,141.0,389426399.0,897.5610000002198,4332.494417173741,6.720940578333334,439.0,100,1,4.121212121212121e-06,10,0.995,39.368267706482,2026-08-13T21:22:09.0629439Z
DA140uM_stack_3_,DA 140uM,357.86268740833333,139.0,386208997.0,980.0,6842.75274040229,4.933104168333333,447.0,100,1,4.121212121212121e-06,10,0.995,39.368267706482,2026-08-13T21:25:02.9288884Z
DA140uM_stack_4_,DA 140uM,361.3084511616667,139.0,396578904.0,1524.5610000002198,10377.407931257312,6.058778945,442.0,100,1,4.121212121212121e-06,10,0.995,39.368267706482,2026-08-13T21:28:29.6747136Z
DA140uM_stack_5_,DA 140uM,364.094793865,139.0,387169495.0,1014.0,6537.881836207823,6.588508251666666,448.0,100,1,4.121212121212121e-06,10,0.995,39.368267706482,2026-08-13T21:31:16.8552758Z
DA140uM_stack_6_,DA 140uM,367.8259739433333,139.0,389987435.0,1017.0,8030.207761619281,6.422967843333333,451.0,100,1,4.121212121212121e-06,10,0.995,39.368267706482,2026-08-13T21:35:00.7260805Z
DA140uM_stack_7_,DA 140uM,370.8202285383333,139.0,381565874.0,838.0,2558.231544005393,6.489184006666666,445.0,100,1,4.121212121212121e-06,10,0.995,39.368267706482,2026-08-13T21:38:00.3813562Z
DA140uM_stack_8_,DA 140uM,374.98390002,141.0,389187923.0,819.0,3829.297824912112,6.091887026666665,444.0,100,1,4.121212121212121e-06,10,0.995,39.368267706482,2026-08-13T21:42:10.2016451Z
DA140uM_stack_9_,DA 140uM,377.77524300833335,141.0,387802030.0,902.0,4344.748595132499,5.992562781666666,446.0,100,1,4.121212121212121e-06,10,0.995,39.368267706482,2026-08-13T21:44:57.6822244Z
DA140uM_stack_10_,DA 140uM,383.79275385666665,141.0,387633684.0,803.0,5028.837100507514,5.396617311666666,446.0,100,1,4.121212121212121e-06,10,0.995,39.368267706482,2026-08-13T21:50:58.7328753Z
DA140uM_stack_11_,DA 140uM,386.8432450016666,140.0,388589137.0,698.0,2731.952533112073,6.588508251666666,373.0,100,1,4.121212121212121e-06,10,0.995,39.368267706482,2026-08-13T21:54:01.762344Z
DAD9_140uM_stack,DAD9 140uM,399.1157636166666,140.0,384391191.0,732.0,5089.2578595717605,4.370266780000001,440.0,100,1,4.121212121212121e-06,10,0.995,39.368267706482,2026-08-13T22:06:18.1134609Z
DAD9_140uM_stack_2_,DAD9 140uM,403.16604528,140.0,383336111.0,814.0,3114.2219788295465,7.250669884999998,437.0,100,1,4.121212121212121e-06,10,0.995,39.368267706482,2026-08-13T22:10:21.1303607Z
DAD9_140uM_stack_3_,DAD9 140uM,406.1550329066667,141.0,386324843.0,750.0,4095.058957798404,6.55540017,436.0,100,1,4.121212121212121e-06,10,0.995,39.368267706482,2026-08-13T22:13:20.4696183Z
DAD9_140uM_stack_4_,DAD9 140uM,408.782849875,142.0,395041198.0,800.0,4435.828619936052,7.018913313333333,404.0,100,1,4.121212121212121e-06,10,0.995,39.368267706482,2026-08-13T22:15:58.1386364Z
DAD9_140uM_stack_5_,DAD9 140uM,411.49847186666665,142.0,387649502.0,652.0,2967.5919324978427,5.098644576666666,427.0,100,1,4.121212121212121e-06,10,0.995,39.368267706482,2026-08-13T22:18:41.0759559Z
DAD9_140uM_stack_6_,DAD9 140uM,414.2569963116667,140.0,381307150.0,710.0,4331.454034756868,5.959454699999999,437.0,100,1,4.121212121212121e-06,10,0.995,39.368267706482,2026-08-13T22:21:26.5874226Z
DAD9_140uM_stack_7_,DAD9 140uM,417.8954044166667,139.0,379535725.0,683.0,4606.438739361472,5.827022373333333,433.0,100,1,4.121212121212121e-06,10,0.995,39.368267706482,2026-08-13T22:25:04.8919089Z
DAD9_140uM_stack_8_,DAD9 140uM,421.396321325,140.0,386382538.0,784.0,4546.309089141244,7.316886048333333,418.0,100,1,4.121212121212121e-06,10,0.995,39.368267706482,2026-08-13T22:28:34.9469234Z
DAD9_140uM_stack_9_,DAD9 140uM,424.9204895633333,141.0,389425419.0,759.5610000002198,4424.703580340911,6.025670863333333,420.0,100,1,4.121212121212121e-06,10,0.995,39.368267706482,2026-08-13T22:32:06.3970177Z
DAD9_140uM_stack_10_,DAD9 140uM,427.739967495,140.0,381762627.0,734.0,3257.549117008008,5.462833475,437.0,100,1,4.121212121212121e-06,10,0.995,39.368267706482,2026-08-13T22:34:55.5656936Z
