file,group,t_min,peak_raw,area_raw,n_objects_raw,peak_corrected,area_corrected,n_objects_corrected
Control_stack,Control,0.0,2960.138985,11.347795,8,2960.138985,11.347795,8
Control_stack_10_,Control,43.743452,2955.37878,11.609901,9,3105.33392,11.609901,9
Control_stack_11_,Control,46.770525,2670.68525,10.950498,8,2814.798284,10.950498,8
Control_stack_12_,Control,50.781021,1532.681218,11.342829,10,1621.840473,11.342829,10
Control_stack_13_,Control,53.899683,2620.500851,11.720261,7,2781.405049,11.720261,7
Control_stack_14_,Control,71.356415,2684.953551,10.958775,6,2896.448548,10.958775,6
Control_stack_15_,Control,75.946711,15935.335351,11.243505,10,17260.196039,11.243505,10
Control_stack_16_,Control,78.812774,2655.77812,10.925667,4,2360.636982,10.885937,5
Control_stack_17_,Control,81.575733,2630.797004,12.051342,6,2827.464679,11.720261,8
Control_stack_18_,Control,84.409578,3053.44966,11.587829,9,3331.263464,11.587829,9
Control_stack_19_,Control,87.742335,3257.549517,13.441881,3,3563.752735,13.441881,3
Control_stack_20_,Control,93.389958,2794.245264,11.496781,8,3070.90709,11.496781,8
Control_stack_21_,Control,97.344618,5704.745892,11.561342,5,6289.204859,11.561342,5
Control_stack_2_,Control,4.390184,1550.820196,11.894078,8,1559.270975,11.894078,8
Control_stack_3_,Control,16.621351,2027.919488,11.181072,7,2068.902655,11.181072,7
Control_stack_4_,Control,20.408151,3338.923049,10.687289,5,3421.239877,10.687289,5
Control_stack_5_,Control,24.333358,3021.362171,10.925667,6,3374.377921,10.965397,5
Control_stack_6_,Control,27.727253,2724.526372,11.606747,7,2814.642297,11.606747,7
Control_stack_7_,Control,31.103362,2989.580055,10.52837,8,3099.855047,10.52837,8
Control_stack_8_,Control,34.6794,3080.405566,11.833774,7,3206.307291,11.833774,7
Control_stack_9_,Control,38.736332,2676.515322,11.024991,6,2797.841357,11.024991,6
DA140uM_stack,DA 140uM,351.09015,1731.020573,11.993403,8,2129.313906,11.993403,8
DA140uM_stack_10_,DA 140uM,383.792754,3160.152036,11.372626,4,3209.57205,10.727018,5
DA140uM_stack_11_,DA 140uM,386.843245,1601.268743,11.408099,7,1982.474494,11.408099,7
DA140uM_stack_2_,DA 140uM,354.964922,2546.887452,12.183774,6,3135.301526,12.183774,6
DA140uM_stack_3_,DA 140uM,357.862687,3428.01551,12.287828,7,4222.367351,12.287828,7
DA140uM_stack_4_,DA 140uM,361.308451,5731.01628,11.298133,8,7063.655563,11.298133,8
DA140uM_stack_5_,DA 140uM,364.094794,4244.314024,11.356072,6,5233.973769,11.356072,6
DA140uM_stack_6_,DA 140uM,367.825974,3386.978072,10.627694,6,3618.242809,10.86891,7
DA140uM_stack_7_,DA 140uM,370.820229,2306.241002,11.543684,9,2847.476879,11.543684,9
DA140uM_stack_8_,DA 140uM,374.9839,3322.863143,11.968572,4,4105.698478,11.968572,4
DA140uM_stack_9_,DA 140uM,377.775243,1842.130345,11.209451,7,2277.21852,11.209451,7
DAD9_140uM_stack,DAD9 140uM,399.115764,3326.356037,10.846208,5,4126.215323,10.846208,5
DAD9_140uM_stack_10_,DAD9 140uM,427.739967,1903.998212,11.198809,8,2138.323294,11.27882,9
DAD9_140uM_stack_2_,DAD9 140uM,403.166045,2289.497448,10.86891,7,2522.596314,11.149147,8
DAD9_140uM_stack_3_,DAD9 140uM,406.155033,2075.581167,11.248471,8,2577.382396,11.248471,8
DAD9_140uM_stack_4_,DAD9 140uM,408.78285,1982.854752,11.102243,9,2453.081817,11.359082,11
DAD9_140uM_stack_5_,DAD9 140uM,411.498472,1611.322046,11.422288,10,2002.422264,11.422288,10
DAD9_140uM_stack_6_,DAD9 140uM,414.256996,2463.095994,11.993403,8,3062.127343,11.993403,8
DAD9_140uM_stack_7_,DAD9 140uM,417.895404,1624.698061,11.766103,13,2020.844706,11.766103,13
DAD9_140uM_stack_8_,DAD9 140uM,421.396321,2648.330047,12.594314,5,3295.628772,12.594314,5
DAD9_140uM_stack_9_,DAD9 140uM,424.92049,1748.77148,12.101004,12,2030.726805,12.102277,13
oliDAD9_1en5_stack,OliDAD9 1/5,234.737545,2733.911212,11.587829,9,3264.090811,11.481883,10
oliDAD9_1en5_stack_10_,OliDAD9 1/5,290.834304,2986.035778,11.22364,6,3146.857166,11.322964,7
oliDAD9_1en5_stack_11_,OliDAD9 1/5,295.859341,2566.78978,10.677356,8,3116.883002,10.677356,8
oliDAD9_1en5_stack_12_,OliDAD9 1/5,299.075725,2749.889679,11.720261,4,3342.115501,11.720261,4
oliDAD9_1en5_stack_13_,OliDAD9 1/5,302.722684,1475.885367,11.587829,9,1795.465588,11.587829,9
oliDAD9_1en5_stack_14_,OliDAD9 1/5,305.69762,3498.682093,10.876005,8,3985.483939,10.826343,10
oliDAD9_1en5_stack_15_,OliDAD9 1/5,309.124533,2478.087053,10.670262,7,3019.639262,10.670262,7
oliDAD9_1en5_stack_16_,OliDAD9 1/5,312.588615,3004.60488,11.237829,7,3242.650147,11.47195,8
oliDAD9_1en5_stack_17_,OliDAD9 1/5,315.512082,2482.335587,10.429046,6,3029.608711,10.429046,6
oliDAD9_1en5_stack_18_,OliDAD9 1/5,319.724856,2488.106016,11.289856,6,3039.731138,11.289856,6
oliDAD9_1en5_stack_19_,OliDAD9 1/5,323.238607,2848.037301,11.541477,10,3482.341237,11.541477,10
oliDAD9_1en5_stack_20_,OliDAD9 1/5,328.201958,2446.48558,10.499992,7,2994.77406,10.499992,7
oliDAD9_1en5_stack_2_,OliDAD9 1/5,238.245512,2232.826517,11.273302,12,2661.869746,11.273302,12
oliDAD9_1en5_stack_3_,OliDAD9 1/5,241.87662,3232.034138,11.422288,6,3858.24531,11.422288,6
oliDAD9_1en5_stack_4_,OliDAD9 1/5,245.211344,782.743848,11.303099,10,935.530761,11.303099,10
oliDAD9_1en5_stack_5_,OliDAD9 1/5,249.441203,2190.20792,12.216882,6,2621.654574,12.216882,6
oliDAD9_1en5_stack_6_,OliDAD9 1/5,252.789511,2125.954776,11.294586,7,2263.968215,11.620937,8
oliDAD9_1en5_stack_7_,OliDAD9 1/5,256.377966,3493.885564,11.663504,7,4192.137141,11.663504,7
oliDAD9_1en5_stack_8_,OliDAD9 1/5,262.134262,3383.800562,11.22364,8,4067.826419,11.22364,8
oliDAD9_1en5_stack_9_,OliDAD9 1/5,265.77087,1999.053409,11.631973,9,2405.988679,11.631973,9
oliDA_1en5_stack,OliDA 1/5,145.782788,2299.040428,10.69391,6,2621.152488,10.69391,6
oliDA_1en5_stack_10_,OliDA 1/5,188.192416,1617.776243,11.422288,12,1887.749288,11.422288,12
oliDA_1en5_stack_11_,OliDA 1/5,192.714691,7854.739211,12.117558,8,9185.546136,12.117558,8
oliDA_1en5_stack_12_,OliDA 1/5,196.52806,2634.139807,11.546443,8,3431.797497,11.493234,7
oliDA_1en5_stack_13_,OliDA 1/5,200.668913,2210.331982,11.596106,8,2594.433037,11.596106,8
oliDA_1en5_stack_14_,OliDA 1/5,203.743989,2808.719748,11.720261,3,2541.728797,10.925667,4
oliDA_1en5_stack_15_,OliDA 1/5,206.995508,2897.562483,11.769923,8,3410.76304,11.769923,8
oliDA_1en5_stack_16_,OliDA 1/5,210.123654,4252.278364,11.124315,3,5012.27785,11.124315,3
oliDA_1en5_stack_17_,OliDA 1/5,213.989092,2574.238316,11.561342,5,3039.368682,11.561342,5
oliDA_1en5_stack_18_,OliDA 1/5,218.365975,2310.650501,11.084586,10,2733.175731,11.084586,10
oliDA_1en5_stack_19_,OliDA 1/5,223.828621,2484.389531,12.08918,7,2945.259967,12.08918,7
oliDA_1en5_stack_2_,OliDA 1/5,148.620767,2182.089874,11.759991,5,2492.098408,11.759991,5
oliDA_1en5_stack_3_,OliDA 1/5,152.485555,3026.602674,11.149147,8,3464.55489,11.149147,8
oliDA_1en5_stack_4_,OliDA 1/5,156.373361,3352.91856,10.727018,7,3144.470611,11.322964,9
oliDA_1en5_stack_5_,OliDA 1/5,159.289761,3574.596284,11.422288,6,4107.998954,11.422288,6
oliDA_1en5_stack_6_,OliDA 1/5,162.645119,3864.643203,11.243505,10,4449.737562,11.243505,10
oliDA_1en5_stack_7_,OliDA 1/5,166.078535,3064.273934,11.322964,4,3534.911045,11.322964,4
oliDA_1en5_stack_8_,OliDA 1/5,171.007933,2533.543734,11.862153,7,2930.483297,11.862153,7
oliDA_1en5_stack_9_,OliDA 1/5,173.993187,2358.1185,11.436477,7,2731.89746,11.436477,7
